account,post_id,published_at_iso,published_date,weekday,hour,text,topic,format,post_type,likes,replies,reposts,quotes,total_engagement,weighted_engagement,char_count,hashtag_count,mention_count,url_count,has_question,is_reply,is_synthetic,url
emoless_com,Dd8EL_MGx4Z,2026-10-01T04:36:20.160000+08:00,2026-10-01,4,4,我媽昨天傳了十七隻一模一樣的熊給我。 一隻跳舞的熊。她人生第一次在 LINE 傳貼圖。 我回：媽妳按太多了。 她回：怎麼收回 然後又一隻熊。 我坐在捷運上笑到旁邊的阿姨看我。 她六十四歲，上禮拜才學會怎麼看我傳的照片。以前都是打電話問：「妳傳的那個，要按哪裡？」 我後來沒教她怎麼收回。 那十七隻熊我留著，心情不好的時候往上滑一下。 你家長輩傳過最好笑的訊息是什麼？,人際關係,故事敘述＋互動提問,純文字,20,1,0,0,21,23,183,0,0,0,True,False,False,https://www.threads.com/@emoless_com/post/Dd8EL_MGx4Z
emoless_com,Dd7mUdfmYqy,2026-10-01T00:15:21.888000+08:00,2026-10-01,4,0,交往四年，他記錯我生日三次。 第一年他以為是十四號，其實是十一號。我說沒關係，我自己也常忘。 第二年他記成下個月。我提醒他，他說抱歉最近太累，隔天補了一個蛋糕，是他喜歡的巧克力口味。我不太吃巧克力。 第三年他記對了日期，但那天他約了朋友打球，說晚上回來陪我。他十一點半才到家，手上拿著便利商店的布丁。 我說謝謝，把布丁放進冰箱。 同一個人，記得每一款遊戲的改版時間，記得球隊每個人的背號，記得他媽媽喜歡哪一家的肉粽。 我曾經幫他找過很多理由…,兩性相處,故事敘事,純文字,88,6,0,2,96,110,271,0,0,0,False,False,False,https://www.threads.com/@emoless_com/post/Dd7mUdfmYqy
emoless_com,Dd7JQFbj8lM,2026-09-30T20:01:20.064000+08:00,2026-09-30,3,20,「最糟糕的，並不是你失去了一個愛的人；而是你為了一個人，失去了自己。」 ——Peter Su,自我成長/感情觀,金句/引用,純文字,40,3,0,0,43,49,46,0,0,0,False,False,False,https://www.threads.com/@emoless_com/post/Dd7JQFbj8lM
emoless_com,Dd6u7gHmzYP,2026-09-30T16:11:20.256000+08:00,2026-09-30,3,16,簽約那天，代書問權狀要登記誰的名字。 他很自然地說，寫我的就好。然後轉頭問我，對吧？ 我點頭。那時候我手上還拿著剛從銀行領出來的本票，一百八十萬，是我工作第六年存下來的。頭期款四百五十萬，我出了四成。 代書看了我一眼，沒說什麼，低頭蓋章。 回家路上他說，反正要結婚了，寫誰都一樣，寫我的貸款比較好過。 我覺得很有道理。他薪水比我高，銀行比較喜歡他。 交屋那天我們去看房子。空蕩蕩的三房，他站在主臥說這間我們的，小的那間以後給小孩。他沒問我想…,兩性相處,故事敘事,純文字,26,7,0,3,36,53,287,0,0,0,True,False,False,https://www.threads.com/@emoless_com/post/Dd6u7gHmzYP
emoless_com,Dd6U87bm8KW,2026-09-30T12:24:21.888000+08:00,2026-09-30,3,12,分手那天我人在桃園機場二航廈，手上還拿著他託我帶的胃藥。 我們異地四年。他在溫哥華，我在台北。時差十五個小時，夏令時間十六。 我手機裡有三個鬧鐘。一個提醒他要開早會，一個提醒他該吃飯，一個是他媽媽的生日前一週，因為他每年都會忘。 我學會看他們公司的專案代號，知道哪個客戶最難搞，知道他哪個同事講話很酸。我沒見過那些人，但我能在他講到一半的時候接下去。 我一直以為這叫參與。 第三年冬天，我跟他視訊，他剛下班，臉很臭。我照慣例問今天那個案子怎…,分手／關係觀察,故事敘事,純文字,58,2,0,3,63,70,292,0,0,0,False,False,False,https://www.threads.com/@emoless_com/post/Dd6U87bm8KW
emoless_com,Dd54r3nm-bF,2026-09-30T08:17:19.968000+08:00,2026-09-30,3,8,"加薪 2,400。 上個月主管問我要不要接組長，開出來的就是這個數字。 責任大概多三倍。要管四個人，其中一個比我大八歲。 我算了一下，一天多 80 塊。比一杯拿鐵再少一點。 （我還真的去查了那杯拿鐵多少錢） 我跟他說讓我想一週。第三天就回絕了。 同事說我太沒企圖心，這年紀不衝什麼時候衝。我不同意這種說法。我的力氣就那麼多，想先拿去過日子。 這一季對我來說比較像小雨。先把自己的傘撐好。",職場,自我揭露,純文字,185,47,1,10,243,348,193,0,0,0,False,False,False,https://www.threads.com/@emoless_com/post/Dd54r3nm-bF
emoless_com,Dd5bnaqG_Ij,2026-09-30T04:03:19.872000+08:00,2026-09-30,3,4,二十歲那年，我把告白寫在一本書的第 87 頁。 他每天下午三點會到圖書館四樓，坐靠窗倒數第二個位置。我坐他斜後方，整整一個學期。我沒有在讀書，我在背他翻頁的速度。 他生日那天我送他一本書。他很喜歡的那個作者，我存了三個禮拜的打工錢買精裝版。 信我寫了七次。最後那版只有四行，夾在第 87 頁，因為那頁的某一段，是我們唯一聊過的話題。 他說謝謝，笑得很好看，然後把書放進背包。 那個暑假他出國念書。走之前傳了一則訊息說到了再聯絡。 沒有再聯絡…,感情,故事敘事,純文字,18,3,0,1,22,29,376,0,0,0,False,False,False,https://www.threads.com/@emoless_com/post/Dd5bnaqG_Ij
emoless_com,Dd5EnUvmT0N,2026-09-30T00:42:20.160000+08:00,2026-09-30,3,0,朋友三天沒回我，我覺得很正常。 他五個小時沒回，我已經把對話往上滑到三月。 （三月那段他還會用貼圖，一隻戴墨鏡的柴犬） 手機放桌上，螢幕朝下。過十分鐘又翻過來。 洗了澡。吹完頭髮。再翻一次。 有人說，一直看已讀就是不夠愛自己。這句我聽過很多次，每次聽完都更睡不著。我不同意這種說法。會等，只是因為這段還在心裡佔一個位置。 凌晨一點十四分，他回了一個「嗯」。 我居然睡得著了。算了，睡著比較重要。,感情心理,自我揭露,純文字,13,1,0,0,14,16,197,0,0,0,False,False,False,https://www.threads.com/@emoless_com/post/Dd5EnUvmT0N
emoless_com,Dd4m-SxAdZV,2026-09-29T20:23:20.256000+08:00,2026-09-29,2,20,剛剛鼓起勇氣打給我媽，跟她說我今年不打算再考教甄了。 雖然在心裡練習過很多次，她還是用吼的開場。 ：你考三年了現在說不考？那你這三年在幹嘛？隔壁林老師的女兒第二年就上了，你到底差在哪裡？你就是不夠認真而已吧？ 對啊媽，我考三年了。這三年我白天代課晚上讀書，寒暑假一次都沒出去玩過，去年放榜那天我在車上坐到天黑才敢回家。 如果可以，我也想考上，我一點都不想為了這件事跟你吵。 如果你剛剛說的是，那就先休息一年吧，比起考上我們更擔心你最近瘦成這…,人際關係,二選一互動提問,純文字,504,92,0,28,624,836,292,0,0,0,True,False,False,https://www.threads.com/@emoless_com/post/Dd4m-SxAdZV
emoless_com,Dd4OJCXmmYN,2026-09-29T16:46:19.776000+08:00,2026-09-29,2,16,三月第一週，接到企劃。 四月，改到第七版。 五月某個晚上十一點半，還在對預算表。便利商店的關東煮只剩白蘿蔔。 六月發表會。上台的是主管。 行前他說，新人別爭這個，以後機會很多。 我說好。 （那天我穿了新買的外套，現在想想有點好笑） 我不建議把「以後機會很多」當安慰聽。以後有幾次我不知道，那三個月倒是確定用掉了。 我氣了大概兩個禮拜。氣到後來也累了，就先這樣。 那份企劃誰寫的，我自己知道。,職場霸凌,故事敘事,純文字,2,0,0,0,2,2,195,0,0,0,False,False,False,https://www.threads.com/@emoless_com/post/Dd4OJCXmmYN
emoless_com,Dd3x3xym3sI,2026-09-29T12:39:18.720000+08:00,2026-09-29,2,12,"存款第一次到十萬，我花了兩年七個月。 剛開始是負的。卡費欠三萬二，學貸還有十一萬。 那時候發薪日，錢在帳戶裡停不到三天。 我開始記帳。第一個月記到一半就放棄，因為看了太難過。 第二次重來，我只記一件事：今天有沒有忍住那杯手搖。 有幾個月很慘。有一次機車大修，一次就歸零。 上禮拜，餘額跳到 100,346。我截圖傳給我媽。她回：好棒，要不要請媽媽吃飯。 （請了。吃了一千二。存款現在九萬九） 你們第一個十萬花了多久？",生活,自我揭露,純文字,486,53,4,17,560,687,208,0,0,0,True,False,False,https://www.threads.com/@emoless_com/post/Dd3x3xym3sI
emoless_com,Dd3SLGBGzPb,2026-09-29T08:02:19.680000+08:00,2026-09-29,2,8,「你不需要活在別人的讚裡。別人給的評價，就像是天氣，今天放晴、明天可能就下雨。」,人生哲理/感悟,立場短文,純文字,5,0,0,0,5,5,40,0,0,0,False,False,False,https://www.threads.com/@emoless_com/post/Dd3SLGBGzPb
emoless_com,Dd24_vCm3ko,2026-09-29T04:22:21.216000+08:00,2026-09-29,2,4,主管說：你來提個改善方案吧。 我說好。 （心裡想的是，三萬二要改善什麼，改善我自己嗎） 他補一句：不用有壓力，想想怎麼讓流程更順就好。 我回位子打開空白文件。游標閃了二十分鐘。 不順的地方我當然知道。那些地方都不歸我管。 我不建議這種時候真的很努力去想。想出來的東西最後會掛在你身上。掛久了就變成你該做的。 那天我寫了三行就去吃晚餐。滷肉飯加蛋。先吃飽，改善明天再改善。,職場,自我揭露,純文字,6,0,0,1,7,8,185,0,0,0,False,False,False,https://www.threads.com/@emoless_com/post/Dd24_vCm3ko
emoless_com,Dd2dpQHGXqN,2026-09-29T00:23:22.272000+08:00,2026-09-29,2,0,「你會跌倒、會迷路，事物會破碎，曲終人會散，這些都是人生必經的過程。」 —— 露比·瓊斯《一切都會好好的》,人生哲理/感悟,金句/引用,純文字,107,1,5,3,116,126,53,0,0,0,False,False,False,https://www.threads.com/@emoless_com/post/Dd2dpQHGXqN
emoless_com,Dd2BfosAcIX,2026-09-28T20:17:33.792000+08:00,2026-09-28,1,20,二十一歲那年，我們在便利商店外面講了一句很蠢的話。 如果三十歲我們都還是單身，就在一起吧。 那時候我們喝著一人一罐的啤酒，坐在紅色塑膠椅上，他笑說這種約定最後都不會成真。我說對啊，所以才敢講。 後來我們各自談各自的。他交過兩任，我交過三任。中間偶爾聯絡，大部分是節日的罐頭訊息。 二十七歲我被劈腿，在他家樓下哭了四十分鐘，他下樓陪我坐著，沒說什麼大道理，只是一直幫我遞面紙。走的時候他說，妳還有三年。 我當下笑了出來。我記得我那天回家睡得特…,感情,故事敘事,純文字,735,9,4,98,846,966,366,0,0,0,False,False,False,https://www.threads.com/@emoless_com/post/Dd2BfosAcIX
emoless_com,Dd1noLLGq1g,2026-09-28T16:31:18.624000+08:00,2026-09-28,1,16,現在的說法大概是這樣：會講出需求的人比較好處理，難的是不說話的那種。所以教學都在教怎麼接住沉默。怎麼等。怎麼不逼他。怎麼留空間。 這段我懂。也同意一半。 我不同意「他會自己講，所以不用特別照顧」這種說法。會開口的那個人，久了就學會少講一點。講得漂亮一點。最後乾脆不講。 （這種我熟。別問我怎麼知道的） 上週有人跟我說她三個月沒發脾氣了。她以為這叫進步。 如果你就是一直在開口的那個，今天可以不用懂事。,人際溝通,自我揭露,純文字,1,0,0,0,1,1,200,0,0,0,False,False,False,https://www.threads.com/@emoless_com/post/Dd1noLLGq1g
emoless_com,SYNTH0000,2026-09-28T12:20:18.624000+08:00,2026-09-28,1,12,昨天在便利商店遇到以前的同事。 那一刻我突然明白，不是每段關係都需要一個結論。,感情,立場短文,純文字,40,0,0,0,40,40,39,0,0,0,False,False,True,
emoless_com,SYNTH0001,2026-09-28T08:18:18.624000+08:00,2026-09-28,1,8,我媽問我什麼時候要換工作。 後來我才知道，所謂的成熟就是學會把話吞回去，再自己消化掉。 留言告訴我你的想法。,兩性相處,故事敘事,純文字,36,0,0,2,38,40,54,0,0,0,False,False,True,
emoless_com,SYNTH0002,2026-09-28T04:04:18.624000+08:00,2026-09-28,1,4,加班到十一點，走出辦公室的時候下雨了。 那一刻我突然明白，不是每段關係都需要一個結論。 你有過這種感覺嗎？,人際關係,金句/引用,純文字,21,13,0,3,37,66,53,0,0,0,True,False,True,
emoless_com,SYNTH0003,2026-09-28T00:11:18.624000+08:00,2026-09-28,1,0,昨天在便利商店遇到以前的同事。 我沒有回答，只是笑了一下。有些問題不是不想答，是答案會讓對方難過。,生活,立場短文,純文字,94,0,1,0,95,96,49,0,0,0,False,False,True,
emoless_com,SYNTH0004,2026-09-27T20:18:18.624000+08:00,2026-09-27,7,20,朋友昨天跟我說她要離職了。 那一刻我突然明白，不是每段關係都需要一個結論。 如果是你，你會怎麼做？,人生哲理/感悟,故事敘事,純文字,582,9,0,0,591,609,49,0,0,0,True,False,True,
emoless_com,SYNTH0005,2026-09-27T15:52:18.624000+08:00,2026-09-27,7,15,整理房間翻到三年前的筆記本。 有些人離開的時候沒有說再見，是因為他們以為你會留他。 如果是你，你會怎麼做？,自我成長/感情觀,立場短文,純文字,92,8,0,2,102,120,53,0,0,0,True,False,True,
emoless_com,SYNTH0006,2026-09-27T11:46:18.624000+08:00,2026-09-27,7,11,加班到十一點，走出辦公室的時候下雨了。 有些人離開的時候沒有說再見，是因為他們以為你會留他。 如果是你，你會怎麼做？,感情,立場短文,純文字,311,0,0,2,313,315,58,0,0,0,True,False,True,
emoless_com,SYNTH0007,2026-09-27T08:12:18.624000+08:00,2026-09-27,7,8,昨天在便利商店遇到以前的同事。 後來我才知道，所謂的成熟就是學會把話吞回去，再自己消化掉。 留言告訴我你的想法。,感情,二選一互動提問,純文字,97,2,0,0,99,103,56,0,0,0,False,False,True,
emoless_com,SYNTH0008,2026-09-27T04:18:18.624000+08:00,2026-09-27,7,4,今天在捷運上看到一對情侶吵架。 我花了很久才學會，照顧好自己不是自私。,職場,二選一互動提問,純文字,482,1,1,0,484,487,35,0,0,0,False,False,True,
emoless_com,SYNTH0009,2026-09-27T00:25:18.624000+08:00,2026-09-27,7,0,朋友昨天跟我說她要離職了。 我花了很久才學會，照顧好自己不是自私。 你有過這種感覺嗎？,兩性相處,二選一互動提問,純文字,32,1,0,1,34,37,43,0,0,0,True,False,True,
emoless_com,SYNTH0010,2026-09-26T20:23:18.624000+08:00,2026-09-26,6,20,昨天在便利商店遇到以前的同事。 那一刻我突然明白，不是每段關係都需要一個結論。,自我成長/感情觀,故事敘事,純文字,524,0,0,0,524,524,39,0,0,0,False,False,True,
emoless_com,SYNTH0011,2026-09-26T16:10:18.624000+08:00,2026-09-26,6,16,我媽問我什麼時候要換工作。 我花了很久才學會，照顧好自己不是自私。,職場,故事敘事,純文字,21,0,1,1,23,25,33,0,0,0,False,False,True,
emoless_com,SYNTH0012,2026-09-26T11:43:18.624000+08:00,2026-09-26,6,11,今天在捷運上看到一對情侶吵架。 有些人離開的時候沒有說再見，是因為他們以為你會留他。 如果是你，你會怎麼做？,生活,二選一互動提問,純文字,46,9,1,2,58,79,54,0,0,0,True,False,True,
emoless_com,SYNTH0013,2026-09-26T08:10:18.624000+08:00,2026-09-26,6,8,跟交往五年的人提分手那天，我們還是一起吃了晚餐。 我沒有回答，只是笑了一下。有些問題不是不想答，是答案會讓對方難過。,人生哲理/感悟,金句/引用,純文字,2,0,0,0,2,2,58,0,0,0,False,False,True,
emoless_com,SYNTH0014,2026-09-26T04:18:18.624000+08:00,2026-09-26,6,4,朋友昨天跟我說她要離職了。 那一刻我突然明白，不是每段關係都需要一個結論。,人生哲理/感悟,故事敘事,純文字,6,7,1,2,16,33,37,0,0,0,False,False,True,
emoless_com,SYNTH0015,2026-09-26T00:14:18.624000+08:00,2026-09-26,6,0,跟交往五年的人提分手那天，我們還是一起吃了晚餐。 後來我才知道，所謂的成熟就是學會把話吞回去，再自己消化掉。 你有過這種感覺嗎？,人際關係,故事敘事,純文字,8,0,2,3,13,18,64,0,0,0,True,False,True,
emoless_com,SYNTH0016,2026-09-25T19:52:18.624000+08:00,2026-09-25,5,19,今天在捷運上看到一對情侶吵架。 我花了很久才學會，照顧好自己不是自私。 如果是你，你會怎麼做？,生活,立場短文,純文字,497,8,0,2,507,525,47,0,0,0,True,False,True,
emoless_com,SYNTH0017,2026-09-25T16:13:18.624000+08:00,2026-09-25,5,16,主管今天在會議上說我「態度有問題」。 那一刻我突然明白，不是每段關係都需要一個結論。 留言告訴我你的想法。,感情,自我揭露,純文字,17,0,0,2,19,21,53,0,0,0,False,False,True,
emoless_com,SYNTH0018,2026-09-25T12:17:18.624000+08:00,2026-09-25,5,12,昨天在便利商店遇到以前的同事。 有些人離開的時候沒有說再見，是因為他們以為你會留他。,人生哲理/感悟,故事敘述＋互動提問,純文字,67,0,2,3,72,77,42,0,0,0,False,False,True,
emoless_com,SYNTH0019,2026-09-25T08:13:18.624000+08:00,2026-09-25,5,8,我媽問我什麼時候要換工作。 我花了很久才學會，照顧好自己不是自私。 如果是你，你會怎麼做？,人生哲理/感悟,自我揭露,純文字,14,124,2,0,140,390,45,0,0,0,True,False,True,
